"record_id","month","day","year","plot_id","species_id","sex","hindfoot_length","weight","genus","species","taxa","plot_type"
1,7,16,1977,2,"NL","M","32","","Neotoma","albigula","Rodent","Control"
72,8,19,1977,2,"NL","M","31","","Neotoma","albigula","Rodent","Control"
224,9,13,1977,2,"NL","","","","Neotoma","albigula","Rodent","Control"
266,10,16,1977,2,"NL","","","","Neotoma","albigula","Rodent","Control"
349,11,12,1977,2,"NL","","","","Neotoma","albigula","Rodent","Control"
363,11,12,1977,2,"NL","","","","Neotoma","albigula","Rodent","Control"
435,12,10,1977,2,"NL","","","","Neotoma","albigula","Rodent","Control"
506,1,8,1978,2,"NL","","","","Neotoma","albigula","Rodent","Control"
588,2,18,1978,2,"NL","M","","218","Neotoma","albigula","Rodent","Control"
661,3,11,1978,2,"NL","","","","Neotoma","albigula","Rodent","Control"
748,4,8,1978,2,"NL","","","","Neotoma","albigula","Rodent","Control"
845,5,6,1978,2,"NL","M","32","204","Neotoma","albigula","Rodent","Control"
990,6,9,1978,2,"NL","M","","200","Neotoma","albigula","Rodent","Control"
1164,8,5,1978,2,"NL","M","34","199","Neotoma","albigula","Rodent","Control"
1261,9,4,1978,2,"NL","M","32","197","Neotoma","albigula","Rodent","Control"
1374,10,8,1978,2,"NL","","","","Neotoma","albigula","Rodent","Control"
1453,11,5,1978,2,"NL","M","","218","Neotoma","albigula","Rodent","Control"
1756,4,29,1979,2,"NL","M","33","166","Neotoma","albigula","Rodent","Control"
1818,5,30,1979,2,"NL","M","32","184","Neotoma","albigula","Rodent","Control"
1882,7,4,1979,2,"NL","M","32","206","Neotoma","albigula","Rodent","Control"
2133,10,25,1979,2,"NL","F","33","274","Neotoma","albigula","Rodent","Control"
2184,11,17,1979,2,"NL","F","30","186","Neotoma","albigula","Rodent","Control"
2406,1,16,1980,2,"NL","F","33","184","Neotoma","albigula","Rodent","Control"
2728,3,9,1980,2,"NL","F","","","Neotoma","albigula","Rodent","Control"
3000,5,18,1980,2,"NL","F","31","87","Neotoma","albigula","Rodent","Control"
3002,5,18,1980,2,"NL","F","33","174","Neotoma","albigula","Rodent","Control"
4667,7,8,1981,2,"NL","F","30","130","Neotoma","albigula","Rodent","Control"
4859,10,1,1981,2,"NL","M","34","208","Neotoma","albigula","Rodent","Control"
5048,11,23,1981,2,"NL","M","34","192","Neotoma","albigula","Rodent","Control"
5180,1,1,1982,2,"NL","M","","206","Neotoma","albigula","Rodent","Control"
5299,1,25,1982,2,"NL","F","32","165","Neotoma","albigula","Rodent","Control"
5485,2,24,1982,2,"NL","M","34","202","Neotoma","albigula","Rodent","Control"
5558,3,29,1982,2,"NL","M","33","211","Neotoma","albigula","Rodent","Control"
5583,3,29,1982,2,"NL","M","31","120","Neotoma","albigula","Rodent","Control"
5966,5,22,1982,2,"NL","F","32","40","Neotoma","albigula","Rodent","Control"
6020,6,28,1982,2,"NL","M","33","222","Neotoma","albigula","Rodent","Control"
6023,6,28,1982,2,"NL","F","30","100","Neotoma","albigula","Rodent","Control"
6036,6,28,1982,2,"NL","F","33","120","Neotoma","albigula","Rodent","Control"
6167,7,25,1982,2,"NL","M","","219","Neotoma","albigula","Rodent","Control"
6479,8,16,1982,2,"NL","F","31","112","Neotoma","albigula","Rodent","Control"
6500,8,16,1982,2,"NL","F","33","152","Neotoma","albigula","Rodent","Control"
8022,6,18,1983,2,"NL","F","30","126","Neotoma","albigula","Rodent","Control"
8263,8,16,1983,2,"NL","F","32","147","Neotoma","albigula","Rodent","Control"
8387,9,11,1983,2,"NL","F","32","138","Neotoma","albigula","Rodent","Control"
8394,9,11,1983,2,"NL","F","32","161","Neotoma","albigula","Rodent","Control"
8407,9,11,1983,2,"NL","M","33","148","Neotoma","albigula","Rodent","Control"
8514,10,16,1983,2,"NL","F","32","151","Neotoma","albigula","Rodent","Control"
8543,10,16,1983,2,"NL","F","31","175","Neotoma","albigula","Rodent","Control"
8657,11,13,1983,2,"NL","F","32","158","Neotoma","albigula","Rodent","Control"
8675,11,13,1983,2,"NL","F","32","164","Neotoma","albigula","Rodent","Control"
8755,12,9,1983,2,"NL","F","32","150","Neotoma","albigula","Rodent","Control"
9048,4,10,1984,2,"NL","F","32","157","Neotoma","albigula","Rodent","Control"
9132,5,13,1984,2,"NL","M","32","125","Neotoma","albigula","Rodent","Control"
9270,5,28,1984,2,"NL","M","33","125","Neotoma","albigula","Rodent","Control"
9349,7,4,1984,2,"NL","M","35","130","Neotoma","albigula","Rodent","Control"
9512,8,26,1984,2,"NL","F","31","151","Neotoma","albigula","Rodent","Control"
9605,9,30,1984,2,"NL","F","32","173","Neotoma","albigula","Rodent","Control"
9703,10,21,1984,2,"NL","M","30","126","Neotoma","albigula","Rodent","Control"
10606,7,24,1985,2,"NL","F","30","91","Neotoma","albigula","Rodent","Control"
10617,7,24,1985,2,"NL","M","32","186","Neotoma","albigula","Rodent","Control"
10627,7,24,1985,2,"NL","F","32","174","Neotoma","albigula","Rodent","Control"
10720,8,20,1985,2,"NL","F","31","106","Neotoma","albigula","Rodent","Control"
10923,10,13,1985,2,"NL","F","31","136","Neotoma","albigula","Rodent","Control"
10949,10,13,1985,2,"NL","F","33","148","Neotoma","albigula","Rodent","Control"
11215,12,8,1985,2,"NL","F","32","160","Neotoma","albigula","Rodent","Control"
11329,3,9,1986,2,"NL","M","34","240","Neotoma","albigula","Rodent","Control"
11496,5,11,1986,2,"NL","F","31","163","Neotoma","albigula","Rodent","Control"
11498,5,11,1986,2,"NL","F","31","82","Neotoma","albigula","Rodent","Control"
11611,6,5,1986,2,"NL","F","32","110","Neotoma","albigula","Rodent","Control"
11628,6,5,1986,2,"NL","M","34","227","Neotoma","albigula","Rodent","Control"
11709,7,4,1986,2,"NL","F","31","184","Neotoma","albigula","Rodent","Control"
11877,9,7,1986,2,"NL","M","34","202","Neotoma","albigula","Rodent","Control"
11879,9,7,1986,2,"NL","F","32","135","Neotoma","albigula","Rodent","Control"
11887,9,7,1986,2,"NL","M","33","177","Neotoma","albigula","Rodent","Control"
11953,10,5,1986,2,"NL","M","33","221","Neotoma","albigula","Rodent","Control"
12299,2,1,1987,2,"NL","M","32","253","Neotoma","albigula","Rodent","Control"
12458,3,2,1987,2,"NL","M","33","259","Neotoma","albigula","Rodent","Control"
12602,4,6,1987,2,"NL","M","34","260","Neotoma","albigula","Rodent","Control"
12678,4,26,1987,2,"NL","M","30","79","Neotoma","albigula","Rodent","Control"
12708,4,26,1987,2,"NL","F","28","72","Neotoma","albigula","Rodent","Control"
12729,4,26,1987,2,"NL","M","32","270","Neotoma","albigula","Rodent","Control"
12756,5,28,1987,2,"NL","F","30","99","Neotoma","albigula","Rodent","Control"
12871,5,28,1987,2,"NL","M","32","278","Neotoma","albigula","Rodent","Control"
12997,7,1,1987,2,"NL","F","30","136","Neotoma","albigula","Rodent","Control"
13025,7,1,1987,2,"NL","M","33","260","Neotoma","albigula","Rodent","Control"
13114,7,26,1987,2,"NL","M","","269","Neotoma","albigula","Rodent","Control"
13275,8,26,1987,2,"NL","M","","","Neotoma","albigula","Rodent","Control"
13326,8,26,1987,2,"NL","F","32","146","Neotoma","albigula","Rodent","Control"
13434,9,27,1987,2,"NL","M","33","197","Neotoma","albigula","Rodent","Control"
13465,9,27,1987,2,"NL","F","32","167","Neotoma","albigula","Rodent","Control"
13476,9,27,1987,2,"NL","F","33","146","Neotoma","albigula","Rodent","Control"
13615,10,25,1987,2,"NL","M","34","203","Neotoma","albigula","Rodent","Control"
13630,10,25,1987,2,"NL","F","30","176","Neotoma","albigula","Rodent","Control"
13748,11,22,1987,2,"NL","M","34","214","Neotoma","albigula","Rodent","Control"
13977,1,24,1988,2,"NL","F","34","161","Neotoma","albigula","Rodent","Control"
14646,6,12,1988,2,"NL","F","34","148","Neotoma","albigula","Rodent","Control"
14740,7,15,1988,2,"NL","F","","","Neotoma","albigula","Rodent","Control"
14796,8,10,1988,2,"NL","M","34","188","Neotoma","albigula","Rodent","Control"
14804,8,10,1988,2,"NL","M","31","132","Neotoma","albigula","Rodent","Control"
14896,9,12,1988,2,"NL","M","34","161","Neotoma","albigula","Rodent","Control"
14984,10,9,1988,2,"NL","M","35","170","Neotoma","albigula","Rodent","Control"
15302,12,14,1988,2,"NL","M","35","248","Neotoma","albigula","Rodent","Control"
15780,3,13,1989,2,"NL","M","33","242","Neotoma","albigula","Rodent","Control"
16407,7,30,1989,2,"NL","F","33","97","Neotoma","albigula","Rodent","Control"
17230,2,25,1990,2,"NL","M","33","218","Neotoma","albigula","Rodent","Control"
17877,9,25,1990,2,"NL","F","","176","Neotoma","albigula","Rodent","Control"
17941,10,16,1990,2,"NL","F","33","195","Neotoma","albigula","Rodent","Control"
18110,12,15,1990,2,"NL","F","33","193","Neotoma","albigula","Rodent","Control"
18364,2,16,1991,2,"NL","F","33","185","Neotoma","albigula","Rodent","Control"
18486,3,13,1991,2,"NL","F","33","174","Neotoma","albigula","Rodent","Control"
18639,4,21,1991,2,"NL","F","33","126","Neotoma","albigula","Rodent","Control"
18678,5,13,1991,2,"NL","F","31","81","Neotoma","albigula","Rodent","Control"
18680,5,13,1991,2,"NL","F","33","185","Neotoma","albigula","Rodent","Control"
18846,7,12,1991,2,"NL","M","33","154","Neotoma","albigula","Rodent","Control"
18948,8,7,1991,2,"NL","M","32","178","Neotoma","albigula","Rodent","Control"
19032,9,9,1991,2,"NL","M","31","180","Neotoma","albigula","Rodent","Control"
19245,11,13,1991,2,"NL","F","36","165","Neotoma","albigula","Rodent","Control"
20040,5,30,1992,2,"NL","F","36","220","Neotoma","albigula","Rodent","Control"
20089,7,3,1992,2,"NL","F","21","130","Neotoma","albigula","Rodent","Control"
20364,9,26,1992,2,"NL","F","32","114","Neotoma","albigula","Rodent","Control"
20466,10,18,1992,2,"NL","F","33","135","Neotoma","albigula","Rodent","Control"
20992,7,14,1993,2,"NL","M","32","78","Neotoma","albigula","Rodent","Control"
21113,9,16,1993,2,"NL","M","","","Neotoma","albigula","Rodent","Control"
21120,9,16,1993,2,"NL","M","37","138","Neotoma","albigula","Rodent","Control"
21161,10,15,1993,2,"NL","M","32","148","Neotoma","albigula","Rodent","Control"
21232,11,13,1993,2,"NL","M","35","154","Neotoma","albigula","Rodent","Control"
21235,11,13,1993,2,"NL","M","34","160","Neotoma","albigula","Rodent","Control"
21286,12,14,1993,2,"NL","M","32","153","Neotoma","albigula","Rodent","Control"
21507,4,10,1994,2,"NL","M","","180","Neotoma","albigula","Rodent","Control"
21558,5,18,1994,2,"NL","M","35","","Neotoma","albigula","Rodent","Control"
22314,6,7,1995,2,"NL","M","34","","Neotoma","albigula","Rodent","Control"
22728,9,23,1995,2,"NL","F","32","165","Neotoma","albigula","Rodent","Control"
22899,10,28,1995,2,"NL","F","32","171","Neotoma","albigula","Rodent","Control"
23032,12,2,1995,2,"NL","F","33","","Neotoma","albigula","Rodent","Control"
24589,10,12,1996,2,"NL","M","33","127","Neotoma","albigula","Rodent","Control"
24690,11,16,1996,2,"NL","F","33","130","Neotoma","albigula","Rodent","Control"
24703,11,16,1996,2,"NL","M","33","148","Neotoma","albigula","Rodent","Control"
25247,3,15,1997,2,"NL","M","34","147","Neotoma","albigula","Rodent","Control"
25701,5,10,1997,2,"NL","F","32","144","Neotoma","albigula","Rodent","Control"
26028,6,9,1997,2,"NL","M","34","193","Neotoma","albigula","Rodent","Control"
26644,7,29,1997,2,"NL","F","30","178","Neotoma","albigula","Rodent","Control"
26827,9,27,1997,2,"NL","F","33","138","Neotoma","albigula","Rodent","Control"
26857,9,27,1997,2,"NL","F","33","174","Neotoma","albigula","Rodent","Control"
27042,10,25,1997,2,"NL","F","34","186","Neotoma","albigula","Rodent","Control"
27326,12,28,1997,2,"NL","F","33","181","Neotoma","albigula","Rodent","Control"
27734,3,29,1998,2,"NL","F","33","188","Neotoma","albigula","Rodent","Control"
27781,5,2,1998,2,"NL","","","200","Neotoma","albigula","Rodent","Control"
27860,5,28,1998,2,"NL","F","33","190","Neotoma","albigula","Rodent","Control"
27897,5,28,1998,2,"NL","M","21","110","Neotoma","albigula","Rodent","Control"
27919,5,28,1998,2,"NL","F","34","158","Neotoma","albigula","Rodent","Control"
28022,6,27,1998,2,"NL","F","31","182","Neotoma","albigula","Rodent","Control"
28077,6,27,1998,2,"NL","M","30","132","Neotoma","albigula","Rodent","Control"
28328,8,22,1998,2,"NL","F","30","143","Neotoma","albigula","Rodent","Control"
28551,9,20,1998,2,"NL","M","31","178","Neotoma","albigula","Rodent","Control"
28556,9,20,1998,2,"NL","M","30","149","Neotoma","albigula","Rodent","Control"
28662,10,24,1998,2,"NL","M","34","168","Neotoma","albigula","Rodent","Control"
28928,12,22,1998,2,"NL","F","31","165","Neotoma","albigula","Rodent","Control"
29039,1,16,1999,2,"NL","F","34","162","Neotoma","albigula","Rodent","Control"
29310,3,14,1999,2,"NL","F","32","153","Neotoma","albigula","Rodent","Control"
29435,4,17,1999,2,"NL","M","34","220","Neotoma","albigula","Rodent","Control"
29572,5,15,1999,2,"NL","F","33","154","Neotoma","albigula","Rodent","Control"
29823,9,11,1999,2,"NL","F","33","200","Neotoma","albigula","Rodent","Control"
29865,10,9,1999,2,"NL","F","32","194","Neotoma","albigula","Rodent","Control"
29950,11,6,1999,2,"NL","F","33","195","Neotoma","albigula","Rodent","Control"
30066,12,5,1999,2,"NL","F","33","131","Neotoma","albigula","Rodent","Control"
30067,12,5,1999,2,"NL","","","194","Neotoma","albigula","Rodent","Control"
30172,1,8,2000,2,"NL","F","30","137","Neotoma","albigula","Rodent","Control"
30174,1,8,2000,2,"NL","F","33","181","Neotoma","albigula","Rodent","Control"
30175,1,8,2000,2,"NL","M","34","265","Neotoma","albigula","Rodent","Control"
30307,2,5,2000,2,"NL","F","33","185","Neotoma","albigula","Rodent","Control"
30308,2,5,2000,2,"NL","F","31","144","Neotoma","albigula","Rodent","Control"
30309,2,5,2000,2,"NL","","","183","Neotoma","albigula","Rodent","Control"
30443,3,4,2000,2,"NL","M","33","184","Neotoma","albigula","Rodent","Control"
30741,6,3,2000,2,"NL","F","33","158","Neotoma","albigula","Rodent","Control"
31516,11,25,2000,2,"NL","F","29","200","Neotoma","albigula","Rodent","Control"
31517,11,25,2000,2,"NL","M","32","228","Neotoma","albigula","Rodent","Control"
31633,12,22,2000,2,"NL","F","31","173","Neotoma","albigula","Rodent","Control"
31717,1,21,2001,2,"NL","M","33","121","Neotoma","albigula","Rodent","Control"
31721,1,21,2001,2,"NL","F","31","158","Neotoma","albigula","Rodent","Control"
31862,3,24,2001,2,"NL","F","32","252","Neotoma","albigula","Rodent","Control"
31946,4,21,2001,2,"NL","F","33","145","Neotoma","albigula","Rodent","Control"
32045,5,26,2001,2,"NL","M","32","135","Neotoma","albigula","Rodent","Control"
32167,6,25,2001,2,"NL","F","30","173","Neotoma","albigula","Rodent","Control"
32391,8,25,2001,2,"NL","F","33","193","Neotoma","albigula","Rodent","Control"
32817,10,13,2001,2,"NL","F","29","72","Neotoma","albigula","Rodent","Control"
33040,11,17,2001,2,"NL","F","31","119","Neotoma","albigula","Rodent","Control"
33041,11,17,2001,2,"NL","F","33","213","Neotoma","albigula","Rodent","Control"
33237,12,15,2001,2,"NL","F","33","126","Neotoma","albigula","Rodent","Control"
33238,12,15,2001,2,"NL","F","32","198","Neotoma","albigula","Rodent","Control"
33339,1,12,2002,2,"NL","","","","Neotoma","albigula","Rodent","Control"
33415,2,9,2002,2,"NL","M","33","120","Neotoma","albigula","Rodent","Control"
33583,3,13,2002,2,"NL","M","32","136","Neotoma","albigula","Rodent","Control"
33586,3,13,2002,2,"NL","F","32","196","Neotoma","albigula","Rodent","Control"
33837,4,17,2002,2,"NL","F","","190","Neotoma","albigula","Rodent","Control"
33847,4,17,2002,2,"NL","F","30","149","Neotoma","albigula","Rodent","Control"
33966,5,15,2002,2,"NL","F","31","188","Neotoma","albigula","Rodent","Control"
34198,6,15,2002,2,"NL","F","31","139","Neotoma","albigula","Rodent","Control"
34783,10,5,2002,2,"NL","M","36","226","Neotoma","albigula","Rodent","Control"
34991,11,9,2002,2,"NL","M","33","238","Neotoma","albigula","Rodent","Control"
35212,12,7,2002,2,"NL","M","33","248","Neotoma","albigula","Rodent","Control"
35404,12,29,2002,2,"NL","F","30","","Neotoma","albigula","Rodent","Control"
3,7,16,1977,2,"DM","F","37","","Dipodomys","merriami","Rodent","Control"
226,9,13,1977,2,"DM","M","37","51","Dipodomys","merriami","Rodent","Control"
233,9,13,1977,2,"DM","M","25","44","Dipodomys","merriami","Rodent","Control"
245,10,16,1977,2,"DM","M","37","39","Dipodomys","merriami","Rodent","Control"
251,10,16,1977,2,"DM","M","36","49","Dipodomys","merriami","Rodent","Control"
257,10,16,1977,2,"DM","M","37","47","Dipodomys","merriami","Rodent","Control"
259,10,16,1977,2,"DM","M","36","41","Dipodomys","merriami","Rodent","Control"
268,10,16,1977,2,"DM","F","36","55","Dipodomys","merriami","Rodent","Control"
346,11,12,1977,2,"DM","F","37","36","Dipodomys","merriami","Rodent","Control"
350,11,12,1977,2,"DM","M","37","47","Dipodomys","merriami","Rodent","Control"
354,11,12,1977,2,"DM","M","38","44","Dipodomys","merriami","Rodent","Control"
361,11,12,1977,2,"DM","F","36","40","Dipodomys","merriami","Rodent","Control"
422,12,10,1977,2,"DM","F","37","42","Dipodomys","merriami","Rodent","Control"
424,12,10,1977,2,"DM","M","37","52","Dipodomys","merriami","Rodent","Control"
427,12,10,1977,2,"DM","F","37","37","Dipodomys","merriami","Rodent","Control"
438,12,10,1977,2,"DM","M","36","47","Dipodomys","merriami","Rodent","Control"
449,12,10,1977,2,"DM","M","35","43","Dipodomys","merriami","Rodent","Control"
507,1,8,1978,2,"DM","M","35","44","Dipodomys","merriami","Rodent","Control"
511,1,8,1978,2,"DM","M","36","38","Dipodomys","merriami","Rodent","Control"
518,1,8,1978,2,"DM","M","36","38","Dipodomys","merriami","Rodent","Control"
519,1,8,1978,2,"DM","M","38","48","Dipodomys","merriami","Rodent","Control"
521,1,8,1978,2,"DM","M","36","43","Dipodomys","merriami","Rodent","Control"
522,1,8,1978,2,"DM","F","37","35","Dipodomys","merriami","Rodent","Control"
523,1,8,1978,2,"DM","M","36","43","Dipodomys","merriami","Rodent","Control"
527,1,8,1978,2,"DM","F","37","37","Dipodomys","merriami","Rodent","Control"
533,1,8,1978,2,"DM","M","","45","Dipodomys","merriami","Rodent","Control"
593,2,18,1978,2,"DM","M","38","52","Dipodomys","merriami","Rodent","Control"
595,2,18,1978,2,"DM","M","37","51","Dipodomys","merriami","Rodent","Control"
600,2,18,1978,2,"DM","F","37","40","Dipodomys","merriami","Rodent","Control"
601,2,18,1978,2,"DM","M","36","41","Dipodomys","merriami","Rodent","Control"
660,3,11,1978,2,"DM","M","37","53","Dipodomys","merriami","Rodent","Control"
664,3,11,1978,2,"DM","M","35","43","Dipodomys","merriami","Rodent","Control"
733,4,8,1978,2,"DM","M","33","","Dipodomys","merriami","Rodent","Control"
754,4,8,1978,2,"DM","M","37","","Dipodomys","merriami","Rodent","Control"
757,4,8,1978,2,"DM","F","","","Dipodomys","merriami","Rodent","Control"
764,4,8,1978,2,"DM","M","35","","Dipodomys","merriami","Rodent","Control"
838,5,6,1978,2,"DM","M","37","48","Dipodomys","merriami","Rodent","Control"
842,5,6,1978,2,"DM","F","38","41","Dipodomys","merriami","Rodent","Control"
849,5,6,1978,2,"DM","M","36","43","Dipodomys","merriami","Rodent","Control"
914,5,19,1978,2,"DM","F","","41","Dipodomys","merriami","Rodent","Control"
924,5,19,1978,2,"DM","M","37","49","Dipodomys","merriami","Rodent","Control"
930,5,19,1978,2,"DM","M","36","44","Dipodomys","merriami","Rodent","Control"
1018,6,9,1978,2,"DM","M","36","43","Dipodomys","merriami","Rodent","Control"
1061,7,7,1978,2,"DM","F","38","46","Dipodomys","merriami","Rodent","Control"
1062,7,7,1978,2,"DM","F","37","43","Dipodomys","merriami","Rodent","Control"
1159,8,5,1978,2,"DM","F","36","31","Dipodomys","merriami","Rodent","Control"
1183,8,5,1978,2,"DM","F","37","47","Dipodomys","merriami","Rodent","Control"
1269,9,4,1978,2,"DM","F","38","41","Dipodomys","merriami","Rodent","Control"
1272,9,4,1978,2,"DM","F","36","42","Dipodomys","merriami","Rodent","Control"
1277,9,4,1978,2,"DM","F","38","47","Dipodomys","merriami","Rodent","Control"
1370,10,8,1978,2,"DM","F","36","39","Dipodomys","merriami","Rodent","Control"
1382,10,8,1978,2,"DM","F","38","42","Dipodomys","merriami","Rodent","Control"
1461,11,5,1978,2,"DM","F","36","38","Dipodomys","merriami","Rodent","Control"
1469,11,5,1978,2,"DM","F","38","41","Dipodomys","merriami","Rodent","Control"
1519,12,3,1978,2,"DM","M","38","46","Dipodomys","merriami","Rodent","Control"
1529,12,3,1978,2,"DM","M","38","38","Dipodomys","merriami","Rodent","Control"
1534,12,3,1978,2,"DM","F","37","40","Dipodomys","merriami","Rodent","Control"
1535,12,3,1978,2,"DM","F","38","43","Dipodomys","merriami","Rodent","Control"
1539,12,3,1978,2,"DM","M","36","49","Dipodomys","merriami","Rodent","Control"
1581,1,29,1979,2,"DM","F","38","42","Dipodomys","merriami","Rodent","Control"
1611,1,29,1979,2,"DM","F","","43","Dipodomys","merriami","Rodent","Control"
1644,2,25,1979,2,"DM","F","37","44","Dipodomys","merriami","Rodent","Control"
1661,2,25,1979,2,"DM","F","35","44","Dipodomys","merriami","Rodent","Control"
1676,3,31,1979,2,"DM","M","36","54","Dipodomys","merriami","Rodent","Control"
1692,3,31,1979,2,"DM","M","37","45","Dipodomys","merriami","Rodent","Control"
1701,3,31,1979,2,"DM","F","36","46","Dipodomys","merriami","Rodent","Control"
1768,4,29,1979,2,"DM","M","39","43","Dipodomys","merriami","Rodent","Control"
1839,5,30,1979,2,"DM","M","37","50","Dipodomys","merriami","Rodent","Control"
1845,5,30,1979,2,"DM","F","36","53","Dipodomys","merriami","Rodent","Control"
1846,5,30,1979,2,"DM","M","37","45","Dipodomys","merriami","Rodent","Control"
2014,8,23,1979,2,"DM","M","38","49","Dipodomys","merriami","Rodent","Control"
2060,9,23,1979,2,"DM","F","35","46","Dipodomys","merriami","Rodent","Control"
2070,9,23,1979,2,"DM","M","37","51","Dipodomys","merriami","Rodent","Control"
2122,10,25,1979,2,"DM","F","35","35","Dipodomys","merriami","Rodent","Control"
2131,10,25,1979,2,"DM","F","37","47","Dipodomys","merriami","Rodent","Control"
2176,11,17,1979,2,"DM","M","37","50","Dipodomys","merriami","Rodent","Control"
2181,11,17,1979,2,"DM","F","36","49","Dipodomys","merriami","Rodent","Control"
2338,1,16,1980,2,"DM","F","36","46","Dipodomys","merriami","Rodent","Control"
2339,1,16,1980,2,"DM","F","35","37","Dipodomys","merriami","Rodent","Control"
2340,1,16,1980,2,"DM","F","34","42","Dipodomys","merriami","Rodent","Control"
2372,1,16,1980,2,"DM","F","36","37","Dipodomys","merriami","Rodent","Control"
2400,1,16,1980,2,"DM","F","36","42","Dipodomys","merriami","Rodent","Control"
2456,2,25,1980,2,"DM","F","36","48","Dipodomys","merriami","Rodent","Control"
2460,2,25,1980,2,"DM","F","37","46","Dipodomys","merriami","Rodent","Control"
2525,2,25,1980,2,"DM","F","36","45","Dipodomys","merriami","Rodent","Control"
2555,3,9,1980,2,"DM","M","","42","Dipodomys","merriami","Rodent","Control"
2589,3,9,1980,2,"DM","F","","46","Dipodomys","merriami","Rodent","Control"
2600,3,9,1980,2,"DM","F","","38","Dipodomys","merriami","Rodent","Control"
2622,3,9,1980,2,"DM","M","","43","Dipodomys","merriami","Rodent","Control"
2631,3,9,1980,2,"DM","M","","44","Dipodomys","merriami","Rodent","Control"
2635,3,9,1980,2,"DM","F","","52","Dipodomys","merriami","Rodent","Control"
2643,3,9,1980,2,"DM","M","","43","Dipodomys","merriami","Rodent","Control"
2653,3,9,1980,2,"DM","M","","51","Dipodomys","merriami","Rodent","Control"
2662,3,9,1980,2,"DM","M","","47","Dipodomys","merriami","Rodent","Control"
2667,3,9,1980,2,"DM","F","","46","Dipodomys","merriami","Rodent","Control"
2692,3,9,1980,2,"DM","M","","45","Dipodomys","merriami","Rodent","Control"
2695,3,9,1980,2,"DM","M","","45","Dipodomys","merriami","Rodent","Control"
2701,3,9,1980,2,"DM","F","","49","Dipodomys","merriami","Rodent","Control"
2715,3,9,1980,2,"DM","F","","50","Dipodomys","merriami","Rodent","Control"
2740,3,9,1980,2,"DM","F","","45","Dipodomys","merriami","Rodent","Control"
2790,3,22,1980,2,"DM","F","","59","Dipodomys","merriami","Rodent","Control"
2814,3,22,1980,2,"DM","F","","44","Dipodomys","merriami","Rodent","Control"
2901,4,18,1980,2,"DM","F","","53","Dipodomys","merriami","Rodent","Control"
2902,4,18,1980,2,"DM","M","","48","Dipodomys","merriami","Rodent","Control"
2906,4,18,1980,2,"DM","M","","43","Dipodomys","merriami","Rodent","Control"
2975,5,18,1980,2,"DM","M","35","43","Dipodomys","merriami","Rodent","Control"
2981,5,18,1980,2,"DM","F","36","56","Dipodomys","merriami","Rodent","Control"
3033,6,2,1980,2,"DM","F","","45","Dipodomys","merriami","Rodent","Control"
3035,6,2,1980,2,"DM","M","38","46","Dipodomys","merriami","Rodent","Control"
3099,6,23,1980,2,"DM","M","35","42","Dipodomys","merriami","Rodent","Control"
3107,6,23,1980,2,"DM","F","35","53","Dipodomys","merriami","Rodent","Control"
3182,7,22,1980,2,"DM","M","36","43","Dipodomys","merriami","Rodent","Control"
3236,8,14,1980,2,"DM","M","35","42","Dipodomys","merriami","Rodent","Control"
3302,9,8,1980,2,"DM","M","35","45","Dipodomys","merriami","Rodent","Control"
3388,10,12,1980,2,"DM","M","34","45","Dipodomys","merriami","Rodent","Control"
3454,11,9,1980,2,"DM","F","35","38","Dipodomys","merriami","Rodent","Control"
3456,11,9,1980,2,"DM","F","36","45","Dipodomys","merriami","Rodent","Control"
3525,11,9,1980,2,"DM","M","34","42","Dipodomys","merriami","Rodent","Control"
3547,12,15,1980,2,"DM","M","34","48","Dipodomys","merriami","Rodent","Control"
3550,12,15,1980,2,"DM","F","37","46","Dipodomys","merriami","Rodent","Control"
3564,12,15,1980,2,"DM","M","35","49","Dipodomys","merriami","Rodent","Control"
3566,12,15,1980,2,"DM","M","34","47","Dipodomys","merriami","Rodent","Control"
3569,12,15,1980,2,"DM","M","34","33","Dipodomys","merriami","Rodent","Control"
3580,12,15,1980,2,"DM","M","35","42","Dipodomys","merriami","Rodent","Control"
3738,1,12,1981,2,"DM","M","35","47","Dipodomys","merriami","Rodent","Control"
3741,1,12,1981,2,"DM","M","37","50","Dipodomys","merriami","Rodent","Control"
3781,1,12,1981,2,"DM","M","35","54","Dipodomys","merriami","Rodent","Control"
3790,1,12,1981,2,"DM","M","35","41","Dipodomys","merriami","Rodent","Control"
3867,2,1,1981,2,"DM","M","37","48","Dipodomys","merriami","Rodent","Control"
3877,2,1,1981,2,"DM","M","37","50","Dipodomys","merriami","Rodent","Control"
3889,2,1,1981,2,"DM","M","36","48","Dipodomys","merriami","Rodent","Control"
3897,2,1,1981,2,"DM","M","37","49","Dipodomys","merriami","Rodent","Control"
3899,2,1,1981,2,"DM","M","36","44","Dipodomys","merriami","Rodent","Control"
3901,2,1,1981,2,"DM","M","37","39","Dipodomys","merriami","Rodent","Control"
3947,3,9,1981,2,"DM","M","35","51","Dipodomys","merriami","Rodent","Control"
3960,3,9,1981,2,"DM","M","37","49","Dipodomys","merriami","Rodent","Control"
3979,3,9,1981,2,"DM","F","34","51","Dipodomys","merriami","Rodent","Control"
3998,3,9,1981,2,"DM","F","36","30","Dipodomys","merriami","Rodent","Control"
4004,3,9,1981,2,"DM","M","36","40","Dipodomys","merriami","Rodent","Control"
4198,4,6,1981,2,"DM","M","","50","Dipodomys","merriami","Rodent","Control"
4238,4,6,1981,2,"DM","M","","46","Dipodomys","merriami","Rodent","Control"
4243,4,6,1981,2,"DM","F","","44","Dipodomys","merriami","Rodent","Control"
4251,4,6,1981,2,"DM","F","","47","Dipodomys","merriami","Rodent","Control"
4268,4,6,1981,2,"DM","F","","50","Dipodomys","merriami","Rodent","Control"
4271,4,6,1981,2,"DM","F","","45","Dipodomys","merriami","Rodent","Control"
4276,4,6,1981,2,"DM","M","","46","Dipodomys","merriami","Rodent","Control"
4306,4,6,1981,2,"DM","M","","41","Dipodomys","merriami","Rodent","Control"
4317,4,6,1981,2,"DM","M","","51","Dipodomys","merriami","Rodent","Control"
4320,4,6,1981,2,"DM","F","","46","Dipodomys","merriami","Rodent","Control"
4341,4,6,1981,2,"DM","M","","43","Dipodomys","merriami","Rodent","Control"
4347,4,6,1981,2,"DM","F","","34","Dipodomys","merriami","Rodent","Control"
4452,5,4,1981,2,"DM","M","36","48","Dipodomys","merriami","Rodent","Control"
4482,5,4,1981,2,"DM","M","37","44","Dipodomys","merriami","Rodent","Control"
4520,6,4,1981,2,"DM","M","34","38","Dipodomys","merriami","Rodent","Control"
4548,6,4,1981,2,"DM","M","36","44","Dipodomys","merriami","Rodent","Control"
4685,7,8,1981,2,"DM","M","37","45","Dipodomys","merriami","Rodent","Control"
4693,7,30,1981,2,"DM","M","37","45","Dipodomys","merriami","Rodent","Control"
4714,7,30,1981,2,"DM","M","37","45","Dipodomys","merriami","Rodent","Control"
4952,10,26,1981,2,"DM","F","37","38","Dipodomys","merriami","Rodent","Control"
5044,11,23,1981,2,"DM","F","36","36","Dipodomys","merriami","Rodent","Control"
5063,11,23,1981,2,"DM","M","37","44","Dipodomys","merriami","Rodent","Control"
5167,1,1,1982,2,"DM","M","35","45","Dipodomys","merriami","Rodent","Control"
5288,1,25,1982,2,"DM","M","35","44","Dipodomys","merriami","Rodent","Control"
5483,2,24,1982,2,"DM","M","34","44","Dipodomys","merriami","Rodent","Control"
6006,6,28,1982,2,"DM","F","35","32","Dipodomys","merriami","Rodent","Control"
6184,7,25,1982,2,"DM","M","","38","Dipodomys","merriami","Rodent","Control"
6470,8,16,1982,2,"DM","M","35","39","Dipodomys","merriami","Rodent","Control"
6474,8,16,1982,2,"DM","M","36","40","Dipodomys","merriami","Rodent","Control"
6491,8,16,1982,2,"DM","","","","Dipodomys","merriami","Rodent","Control"
6520,9,18,1982,2,"DM","M","37","40","Dipodomys","merriami","Rodent","Control"
6523,9,18,1982,2,"DM","F","36","38","Dipodomys","merriami","Rodent","Control"
6528,9,18,1982,2,"DM","M","34","45","Dipodomys","merriami","Rodent","Control"
6549,9,18,1982,2,"DM","F","34","33","Dipodomys","merriami","Rodent","Control"
6553,9,18,1982,2,"DM","M","36","40","Dipodomys","merriami","Rodent","Control"
6824,10,24,1982,2,"DM","M","37","43","Dipodomys","merriami","Rodent","Control"
6832,10,24,1982,2,"DM","M","37","40","Dipodomys","merriami","Rodent","Control"
6837,10,24,1982,2,"DM","F","35","36","Dipodomys","merriami","Rodent","Control"
6842,10,24,1982,2,"DM","M","34","42","Dipodomys","merriami","Rodent","Control"
6889,10,24,1982,2,"DM","F","36","37","Dipodomys","merriami","Rodent","Control"
6939,10,24,1982,2,"DM","M","37","44","Dipodomys","merriami","Rodent","Control"
6944,10,24,1982,2,"DM","M","38","43","Dipodomys","merriami","Rodent","Control"
6945,10,24,1982,2,"DM","F","36","39","Dipodomys","merriami","Rodent","Control"
7061,11,22,1982,2,"DM","M","36","39","Dipodomys","merriami","Rodent","Control"
7080,11,22,1982,2,"DM","F","33","37","Dipodomys","merriami","Rodent","Control"
7246,1,13,1983,2,"DM","M","36","40","Dipodomys","merriami","Rodent","Control"
7294,1,13,1983,2,"DM","F","35","36","Dipodomys","merriami","Rodent","Control"
7402,2,27,1983,2,"DM","M","35","44","Dipodomys","merriami","Rodent","Control"
7420,2,27,1983,2,"DM","F","36","42","Dipodomys","merriami","Rodent","Control"
7553,3,15,1983,2,"DM","M","37","43","Dipodomys","merriami","Rodent","Control"
7558,3,15,1983,2,"DM","F","35","36","Dipodomys","merriami","Rodent","Control"
7715,4,17,1983,2,"DM","M","36","45","Dipodomys","merriami","Rodent","Control"
7723,4,17,1983,2,"DM","F","37","39","Dipodomys","merriami","Rodent","Control"
7735,4,17,1983,2,"DM","M","37","41","Dipodomys","merriami","Rodent","Control"
7884,5,15,1983,2,"DM","F","36","40","Dipodomys","merriami","Rodent","Control"
7895,5,15,1983,2,"DM","M","36","48","Dipodomys","merriami","Rodent","Control"
7916,5,15,1983,2,"DM","M","36","46","Dipodomys","merriami","Rodent","Control"
8125,7,17,1983,2,"DM","M","35","38","Dipodomys","merriami","Rodent","Control"
8235,8,16,1983,2,"DM","M","36","38","Dipodomys","merriami","Rodent","Control"
8339,9,11,1983,2,"DM","M","34","38","Dipodomys","merriami","Rodent","Control"
8359,9,11,1983,2,"DM","F","35","42","Dipodomys","merriami","Rodent","Control"
8413,9,11,1983,2,"DM","M","36","43","Dipodomys","merriami","Rodent","Control"
8494,10,16,1983,2,"DM","M","34","37","Dipodomys","merriami","Rodent","Control"
8631,11,13,1983,2,"DM","M","35","37","Dipodomys","merriami","Rodent","Control"
8656,11,13,1983,2,"DM","F","35","37","Dipodomys","merriami","Rodent","Control"
8800,12,9,1983,2,"DM","F","36","37","Dipodomys","merriami","Rodent","Control"
8903,2,5,1984,2,"DM","F","37","36","Dipodomys","merriami","Rodent","Control"
8954,3,13,1984,2,"DM","M","36","43","Dipodomys","merriami","Rodent","Control"
8961,3,13,1984,2,"DM","F","35","38","Dipodomys","merriami","Rodent","Control"
9034,4,10,1984,2,"DM","M","35","41","Dipodomys","merriami","Rodent","Control"
9133,5,13,1984,2,"DM","F","36","44","Dipodomys","merriami","Rodent","Control"
9156,5,13,1984,2,"DM","M","35","45","Dipodomys","merriami","Rodent","Control"
9180,5,13,1984,2,"DM","M","37","46","Dipodomys","merriami","Rodent","Control"
9182,5,13,1984,2,"DM","F","36","45","Dipodomys","merriami","Rodent","Control"
9269,5,28,1984,2,"DM","M","37","44","Dipodomys","merriami","Rodent","Control"
9452,8,1,1984,2,"DM","F","34","39","Dipodomys","merriami","Rodent","Control"
9572,9,30,1984,2,"DM","F","35","34","Dipodomys","merriami","Rodent","Control"
9672,10,21,1984,2,"DM","F","37","40","Dipodomys","merriami","Rodent","Control"
9762,12,31,1984,2,"DM","F","36","36","Dipodomys","merriami","Rodent","Control"
9767,12,31,1984,2,"DM","F","37","34","Dipodomys","merriami","Rodent","Control"
9873,1,20,1985,2,"DM","F","35","30","Dipodomys","merriami","Rodent","Control"
9880,1,20,1985,2,"DM","M","37","44","Dipodomys","merriami","Rodent","Control"
9894,1,20,1985,2,"DM","F","35","33","Dipodomys","merriami","Rodent","Control"
9901,1,20,1985,2,"DM","M","37","35","Dipodomys","merriami","Rodent","Control"
9920,1,20,1985,2,"DM","F","36","36","Dipodomys","merriami","Rodent","Control"
9980,2,17,1985,2,"DM","F","35","37","Dipodomys","merriami","Rodent","Control"
9984,2,17,1985,2,"DM","M","36","39","Dipodomys","merriami","Rodent","Control"
10001,2,17,1985,2,"DM","F","35","39","Dipodomys","merriami","Rodent","Control"
10004,2,17,1985,2,"DM","F","34","37","Dipodomys","merriami","Rodent","Control"
10006,2,17,1985,2,"DM","F","35","42","Dipodomys","merriami","Rodent","Control"
10021,2,17,1985,2,"DM","M","35","44","Dipodomys","merriami","Rodent","Control"
10031,2,17,1985,2,"DM","F","36","37","Dipodomys","merriami","Rodent","Control"
10092,3,17,1985,2,"DM","F","35","38","Dipodomys","merriami","Rodent","Control"
10109,3,17,1985,2,"DM","F","36","43","Dipodomys","merriami","Rodent","Control"
10114,3,17,1985,2,"DM","F","35","39","Dipodomys","merriami","Rodent","Control"
10254,4,21,1985,2,"DM","M","35","27","Dipodomys","merriami","Rodent","Control"
10277,4,21,1985,2,"DM","F","37","44","Dipodomys","merriami","Rodent","Control"
10290,4,21,1985,2,"DM","F","36","44","Dipodomys","merriami","Rodent","Control"
10318,4,21,1985,2,"DM","F","37","43","Dipodomys","merriami","Rodent","Control"
10354,4,21,1985,2,"DM","F","35","39","Dipodomys","merriami","Rodent","Control"
10363,4,21,1985,2,"DM","F","37","43","Dipodomys","merriami","Rodent","Control"
10366,4,21,1985,2,"DM","M","37","46","Dipodomys","merriami","Rodent","Control"
10411,5,24,1985,2,"DM","M","35","33","Dipodomys","merriami","Rodent","Control"
10415,5,24,1985,2,"DM","F","36","40","Dipodomys","merriami","Rodent","Control"
10421,5,24,1985,2,"DM","F","35","39","Dipodomys","merriami","Rodent","Control"
10430,5,24,1985,2,"DM","F","33","17","Dipodomys","merriami","Rodent","Control"
10447,5,24,1985,2,"DM","F","35","38","Dipodomys","merriami","Rodent","Control"
10500,6,16,1985,2,"DM","F","36","42","Dipodomys","merriami","Rodent","Control"
10517,6,16,1985,2,"DM","F","32","15","Dipodomys","merriami","Rodent","Control"
10518,6,16,1985,2,"DM","F","36","40","Dipodomys","merriami","Rodent","Control"
10532,6,16,1985,2,"DM","F","33","30","Dipodomys","merriami","Rodent","Control"
10595,7,24,1985,2,"DM","F","37","41","Dipodomys","merriami","Rodent","Control"
10600,7,24,1985,2,"DM","F","32","17","Dipodomys","merriami","Rodent","Control"
10603,7,24,1985,2,"DM","F","36","37","Dipodomys","merriami","Rodent","Control"
10610,7,24,1985,2,"DM","F","33","32","Dipodomys","merriami","Rodent","Control"
10621,7,24,1985,2,"DM","F","37","36","Dipodomys","merriami","Rodent","Control"
10623,7,24,1985,2,"DM","F","35","33","Dipodomys","merriami","Rodent","Control"
10686,8,20,1985,2,"DM","F","35","48","Dipodomys","merriami","Rodent","Control"
10693,8,20,1985,2,"DM","F","34","24","Dipodomys","merriami","Rodent","Control"
10716,8,20,1985,2,"DM","F","35","38","Dipodomys","merriami","Rodent","Control"
10784,9,22,1985,2,"DM","F","37","46","Dipodomys","merriami","Rodent","Control"
10802,9,22,1985,2,"DM","F","37","59","Dipodomys","merriami","Rodent","Control"
10804,9,22,1985,2,"DM","F","33","41","Dipodomys","merriami","Rodent","Control"
10899,10,13,1985,2,"DM","M","37","42","Dipodomys","merriami","Rodent","Control"
10909,10,13,1985,2,"DM","F","37","48","Dipodomys","merriami","Rodent","Control"
10920,10,13,1985,2,"DM","F","37","40","Dipodomys","merriami","Rodent","Control"
11013,11,17,1985,2,"DM","M","38","43","Dipodomys","merriami","Rodent","Control"
11015,11,17,1985,2,"DM","M","34","46","Dipodomys","merriami","Rodent","Control"
11063,11,17,1985,2,"DM","F","37","46","Dipodomys","merriami","Rodent","Control"
11074,11,17,1985,2,"DM","M","37","46","Dipodomys","merriami","Rodent","Control"
11092,11,17,1985,2,"DM","F","36","39","Dipodomys","merriami","Rodent","Control"
11148,12,8,1985,2,"DM","M","37","44","Dipodomys","merriami","Rodent","Control"
11150,12,8,1985,2,"DM","M","37","47","Dipodomys","merriami","Rodent","Control"
11161,12,8,1985,2,"DM","F","37","39","Dipodomys","merriami","Rodent","Control"
11186,12,8,1985,2,"DM","M","38","42","Dipodomys","merriami","Rodent","Control"
11187,12,8,1985,2,"DM","M","36","48","Dipodomys","merriami","Rodent","Control"
11197,12,8,1985,2,"DM","F","37","44","Dipodomys","merriami","Rodent","Control"
11210,12,8,1985,2,"DM","F","35","40","Dipodomys","merriami","Rodent","Control"
11284,3,9,1986,2,"DM","M","38","44","Dipodomys","merriami","Rodent","Control"
11291,3,9,1986,2,"DM","F","37","40","Dipodomys","merriami","Rodent","Control"
11304,3,9,1986,2,"DM","M","36","48","Dipodomys","merriami","Rodent","Control"
11305,3,9,1986,2,"DM","F","36","49","Dipodomys","merriami","Rodent","Control"
11316,3,9,1986,2,"DM","F","36","38","Dipodomys","merriami","Rodent","Control"
11327,3,9,1986,2,"DM","M","37","50","Dipodomys","merriami","Rodent","Control"
11387,4,13,1986,2,"DM","M","37","42","Dipodomys","merriami","Rodent","Control"
11388,4,13,1986,2,"DM","F","37","42","Dipodomys","merriami","Rodent","Control"
11391,4,13,1986,2,"DM","M","34","26","Dipodomys","merriami","Rodent","Control"
11408,4,13,1986,2,"DM","F","35","49","Dipodomys","merriami","Rodent","Control"
11421,4,13,1986,2,"DM","M","38","44","Dipodomys","merriami","Rodent","Control"
11489,5,11,1986,2,"DM","M","37","44","Dipodomys","merriami","Rodent","Control"
11514,5,11,1986,2,"DM","M","38","37","Dipodomys","merriami","Rodent","Control"
11515,5,11,1986,2,"DM","F","34","43","Dipodomys","merriami","Rodent","Control"
11535,5,11,1986,2,"DM","M","34","46","Dipodomys","merriami","Rodent","Control"
11584,6,5,1986,2,"DM","M","37","47","Dipodomys","merriami","Rodent","Control"
11595,6,5,1986,2,"DM","M","37","47","Dipodomys","merriami","Rodent","Control"
11600,6,5,1986,2,"DM","M","37","36","Dipodomys","merriami","Rodent","Control"
11608,6,5,1986,2,"DM","F","37","53","Dipodomys","merriami","Rodent","Control"
11684,7,4,1986,2,"DM","M","37","47","Dipodomys","merriami","Rodent","Control"
11695,7,4,1986,2,"DM","F","35","43","Dipodomys","merriami","Rodent","Control"
11722,7,4,1986,2,"DM","M","35","36","Dipodomys","merriami","Rodent","Control"
11772,8,10,1986,2,"DM","M","38","46","Dipodomys","merriami","Rodent","Control"
11784,8,10,1986,2,"DM","M","34","31","Dipodomys","merriami","Rodent","Control"
11788,8,10,1986,2,"DM","M","38","40","Dipodomys","merriami","Rodent","Control"
11791,8,10,1986,2,"DM","M","35","45","Dipodomys","merriami","Rodent","Control"
11841,9,7,1986,2,"DM","M","36","46","Dipodomys","merriami","Rodent","Control"
11862,9,7,1986,2,"DM","M","35","45","Dipodomys","merriami","Rodent","Control"
11920,10,5,1986,2,"DM","M","37","53","Dipodomys","merriami","Rodent","Control"
12011,11,16,1986,2,"DM","F","36","46","Dipodomys","merriami","Rodent","Control"
12014,11,16,1986,2,"DM","M","35","49","Dipodomys","merriami","Rodent","Control"
12056,11,16,1986,2,"DM","M","35","44","Dipodomys","merriami","Rodent","Control"
12117,12,15,1986,2,"DM","F","36","44","Dipodomys","merriami","Rodent","Control"
12137,12,15,1986,2,"DM","M","37","49","Dipodomys","merriami","Rodent","Control"
12138,12,15,1986,2,"DM","F","35","39","Dipodomys","merriami","Rodent","Control"
12234,2,1,1987,2,"DM","M","32","45","Dipodomys","merriami","Rodent","Control"
12249,2,1,1987,2,"DM","F","36","45","Dipodomys","merriami","Rodent","Control"
12389,3,2,1987,2,"DM","M","35","47","Dipodomys","merriami","Rodent","Control"
12394,3,2,1987,2,"DM","F","34","38","Dipodomys","merriami","Rodent","Control"
12407,3,2,1987,2,"DM","F","37","42","Dipodomys","merriami","Rodent","Control"
12419,3,2,1987,2,"DM","M","35","49","Dipodomys","merriami","Rodent","Control"
12439,3,2,1987,2,"DM","M","36","40","Dipodomys","merriami","Rodent","Control"
12533,4,6,1987,2,"DM","M","36","46","Dipodomys","merriami","Rodent","Control"
12535,4,6,1987,2,"DM","F","36","42","Dipodomys","merriami","Rodent","Control"
12545,4,6,1987,2,"DM","M","37","45","Dipodomys","merriami","Rodent","Control"
12676,4,26,1987,2,"DM","M","36","46","Dipodomys","merriami","Rodent","Control"
12764,5,28,1987,2,"DM","F","36","45","Dipodomys","merriami","Rodent","Control"
12780,5,28,1987,2,"DM","M","35","44","Dipodomys","merriami","Rodent","Control"
12966,7,1,1987,2,"DM","M","34","47","Dipodomys","merriami","Rodent","Control"
12972,7,1,1987,2,"DM","F","33","25","Dipodomys","merriami","Rodent","Control"
13112,7,26,1987,2,"DM","","","","Dipodomys","merriami","Rodent","Control"
13145,7,26,1987,2,"DM","F","","40","Dipodomys","merriami","Rodent","Control"
13167,7,26,1987,2,"DM","F","","32","Dipodomys","merriami","Rodent","Control"
13267,8,26,1987,2,"DM","F","37","44","Dipodomys","merriami","Rodent","Control"
13481,9,27,1987,2,"DM","M","36","48","Dipodomys","merriami","Rodent","Control"
13589,10,25,1987,2,"DM","M","37","45","Dipodomys","merriami","Rodent","Control"
13757,11,22,1987,2,"DM","M","37","44","Dipodomys","merriami","Rodent","Control"
13820,11,22,1987,2,"DM","M","37","45","Dipodomys","merriami","Rodent","Control"
13822,11,22,1987,2,"DM","M","35","38","Dipodomys","merriami","Rodent","Control"
13920,1,24,1988,2,"DM","M","36","38","Dipodomys","merriami","Rodent","Control"
13922,1,24,1988,2,"DM","F","37","41","Dipodomys","merriami","Rodent","Control"
13935,1,24,1988,2,"DM","M","34","47","Dipodomys","merriami","Rodent","Control"
14098,2,22,1988,2,"DM","F","36","40","Dipodomys","merriami","Rodent","Control"
14104,2,22,1988,2,"DM","M","36","45","Dipodomys","merriami","Rodent","Control"
14119,2,22,1988,2,"DM","M","36","38","Dipodomys","merriami","Rodent","Control"
14123,2,22,1988,2,"DM","F","36","42","Dipodomys","merriami","Rodent","Control"
14134,2,22,1988,2,"DM","M","37","48","Dipodomys","merriami","Rodent","Control"
14258,3,21,1988,2,"DM","M","36","43","Dipodomys","merriami","Rodent","Control"
14279,3,21,1988,2,"DM","F","37","42","Dipodomys","merriami","Rodent","Control"
14322,3,21,1988,2,"DM","M","38","48","Dipodomys","merriami","Rodent","Control"
14423,4,19,1988,2,"DM","F","37","44","Dipodomys","merriami","Rodent","Control"
14491,5,15,1988,2,"DM","F","37","48","Dipodomys","merriami","Rodent","Control"
14540,5,15,1988,2,"DM","M","36","48","Dipodomys","merriami","Rodent","Control"
14603,6,12,1988,2,"DM","F","38","41","Dipodomys","merriami","Rodent","Control"
14697,7,15,1988,2,"DM","F","37","42","Dipodomys","merriami","Rodent","Control"
14787,8,9,1988,2,"DM","M","37","41","Dipodomys","merriami","Rodent","Control"
14794,8,10,1988,2,"DM","M","35","24","Dipodomys","merriami","Rodent","Control"
14797,8,10,1988,2,"DM","F","32","40","Dipodomys","merriami","Rodent","Control"
14889,9,12,1988,2,"DM","M","37","35","Dipodomys","merriami","Rodent","Control"
14988,10,9,1988,2,"DM","M","37","43","Dipodomys","merriami","Rodent","Control"
16292,7,4,1989,2,"DM","M","","46","Dipodomys","merriami","Rodent","Control"
16377,7,30,1989,2,"DM","F","37","51","Dipodomys","merriami","Rodent","Control"
17298,3,30,1990,2,"DM","F","37","46","Dipodomys","merriami","Rodent","Control"
17320,3,30,1990,2,"DM","M","37","50","Dipodomys","merriami","Rodent","Control"
17331,3,30,1990,2,"DM","M","37","43","Dipodomys","merriami","Rodent","Control"
17910,10,16,1990,2,"DM","M","36","38","Dipodomys","merriami","Rodent","Control"
17915,10,16,1990,2,"DM","F","37","45","Dipodomys","merriami","Rodent","Control"
17973,11,10,1990,2,"DM","F","37","47","Dipodomys","merriami","Rodent","Control"
18096,12,15,1990,2,"DM","F","36","44","Dipodomys","merriami","Rodent","Control"
18193,1,11,1991,2,"DM","F","34","48","Dipodomys","merriami","Rodent","Control"
18201,1,11,1991,2,"DM","M","37","51","Dipodomys","merriami","Rodent","Control"
18654,5,13,1991,2,"DM","F","37","54","Dipodomys","merriami","Rodent","Control"
18743,6,13,1991,2,"DM","F","35","44","Dipodomys","merriami","Rodent","Control"
18821,7,12,1991,2,"DM","F","36","45","Dipodomys","merriami","Rodent","Control"
19378,12,7,1991,2,"DM","M","36","48","Dipodomys","merriami","Rodent","Control"
19427,12,7,1991,2,"DM","F","36","41","Dipodomys","merriami","Rodent","Control"
19539,1,8,1992,2,"DM","M","36","42","Dipodomys","merriami","Rodent","Control"
19806,3,7,1992,2,"DM","M","36","47","Dipodomys","merriami","Rodent","Control"
19866,4,4,1992,2,"DM","M","37","49","Dipodomys","merriami","Rodent","Control"
20856,5,22,1993,2,"DM","F","36","55","Dipodomys","merriami","Rodent","Control"
21167,10,15,1993,2,"DM","M","35","34","Dipodomys","merriami","Rodent","Control"
21215,11,13,1993,2,"DM","M","36","39","Dipodomys","merriami","Rodent","Control"
21223,11,13,1993,2,"DM","M","36","49","Dipodomys","merriami","Rodent","Control"
21269,12,14,1993,2,"DM","M","35","48","Dipodomys","merriami","Rodent","Control"
21275,12,14,1993,2,"DM","M","35","36","Dipodomys","merriami","Rodent","Control"
21284,12,14,1993,2,"DM","M","36","46","Dipodomys","merriami","Rodent","Control"
21325,2,1,1994,2,"DM","M","37","39","Dipodomys","merriami","Rodent","Control"
21385,2,20,1994,2,"DM","M","37","40","Dipodomys","merriami","Rodent","Control"
21435,3,11,1994,2,"DM","M","36","40","Dipodomys","merriami","Rodent","Control"
21442,3,11,1994,2,"DM","M","34","45","Dipodomys","merriami","Rodent","Control"
21448,3,11,1994,2,"DM","M","36","47","Dipodomys","merriami","Rodent","Control"
21502,4,10,1994,2,"DM","M","39","41","Dipodomys","merriami","Rodent","Control"
21505,4,10,1994,2,"DM","M","35","52","Dipodomys","merriami","Rodent","Control"
21555,5,18,1994,2,"DM","M","36","44","Dipodomys","merriami","Rodent","Control"
21560,5,18,1994,2,"DM","M","36","51","Dipodomys","merriami","Rodent","Control"
21708,8,17,1994,2,"DM","M","36","44","Dipodomys","merriami","Rodent","Control"
21757,9,6,1994,2,"DM","M","38","46","Dipodomys","merriami","Rodent","Control"
21814,10,12,1994,2,"DM","M","38","43","Dipodomys","merriami","Rodent","Control"
21879,11,1,1994,2,"DM","M","36","44","Dipodomys","merriami","Rodent","Control"
21940,12,4,1994,2,"DM","M","36","44","Dipodomys","merriami","Rodent","Control"
22003,1,11,1995,2,"DM","M","37","41","Dipodomys","merriami","Rodent","Control"
22042,2,4,1995,2,"DM","F","36","45","Dipodomys","merriami","Rodent","Control"
22044,2,4,1995,2,"DM","M","37","46","Dipodomys","merriami","Rodent","Control"
22105,3,4,1995,2,"DM","F","37","49","Dipodomys","merriami","Rodent","Control"
22109,3,4,1995,2,"DM","M","37","46","Dipodomys","merriami","Rodent","Control"
22168,4,1,1995,2,"DM","M","36","48","Dipodomys","merriami","Rodent","Control"
22250,4,29,1995,2,"DM","F","36","48","Dipodomys","merriami","Rodent","Control"
22368,6,27,1995,2,"DM","M","37","44","Dipodomys","merriami","Rodent","Control"
22375,6,27,1995,2,"DM","F","35","27","Dipodomys","merriami","Rodent","Control"
22444,7,20,1995,2,"DM","F","31","37","Dipodomys","merriami","Rodent","Control"
22550,8,26,1995,2,"DM","F","37","26","Dipodomys","merriami","Rodent","Control"
22560,8,26,1995,2,"DM","F","34","41","Dipodomys","merriami","Rodent","Control"
22689,9,23,1995,2,"DM","F","33","43","Dipodomys","merriami","Rodent","Control"
22842,10,28,1995,2,"DM","F","35","50","Dipodomys","merriami","Rodent","Control"
22853,10,28,1995,2,"DM","F","34","44","Dipodomys","merriami","Rodent","Control"
22865,10,28,1995,2,"DM","M","33","31","Dipodomys","merriami","Rodent","Control"
22880,10,28,1995,2,"DM","M","36","44","Dipodomys","merriami","Rodent","Control"
22896,10,28,1995,2,"DM","M","34","31","Dipodomys","merriami","Rodent","Control"
22997,12,2,1995,2,"DM","M","36","50","Dipodomys","merriami","Rodent","Control"
23002,12,2,1995,2,"DM","M","35","40","Dipodomys","merriami","Rodent","Control"
23003,12,2,1995,2,"DM","F","35","43","Dipodomys","merriami","Rodent","Control"
23041,12,2,1995,2,"DM","M","36","47","Dipodomys","merriami","Rodent","Control"
23044,12,2,1995,2,"DM","M","37","43","Dipodomys","merriami","Rodent","Control"
23115,12,21,1995,2,"DM","F","37","51","Dipodomys","merriami","Rodent","Control"
23117,12,21,1995,2,"DM","M","35","23","Dipodomys","merriami","Rodent","Control"
23120,12,21,1995,2,"DM","M","35","42","Dipodomys","merriami","Rodent","Control"
23136,12,21,1995,2,"DM","M","33","27","Dipodomys","merriami","Rodent","Control"
23144,12,21,1995,2,"DM","F","36","42","Dipodomys","merriami","Rodent","Control"
23156,12,21,1995,2,"DM","M","37","47","Dipodomys","merriami","Rodent","Control"
23169,12,21,1995,2,"DM","F","36","44","Dipodomys","merriami","Rodent","Control"
23220,1,27,1996,2,"DM","F","36","47","Dipodomys","merriami","Rodent","Control"
23225,1,27,1996,2,"DM","M","40","54","Dipodomys","merriami","Rodent","Control"
23234,1,27,1996,2,"DM","F","35","45","Dipodomys","merriami","Rodent","Control"
23237,1,27,1996,2,"DM","M","35","46","Dipodomys","merriami","Rodent","Control"
23243,1,27,1996,2,"DM","M","36","49","Dipodomys","merriami","Rodent","Control"
23257,1,27,1996,2,"DM","M","36","50","Dipodomys","merriami","Rodent","Control"
23341,2,24,1996,2,"DM","F","38","55","Dipodomys","merriami","Rodent","Control"
23345,2,24,1996,2,"DM","M","37","45","Dipodomys","merriami","Rodent","Control"
23357,2,24,1996,2,"DM","F","35","44","Dipodomys","merriami","Rodent","Control"
23365,2,24,1996,2,"DM","F","34","49","Dipodomys","merriami","Rodent","Control"
23368,2,24,1996,2,"DM","M","40","55","Dipodomys","merriami","Rodent","Control"
23403,2,24,1996,2,"DM","M","35","47","Dipodomys","merriami","Rodent","Control"
23498,3,23,1996,2,"DM","F","36","41","Dipodomys","merriami","Rodent","Control"
23519,3,23,1996,2,"DM","F","36","48","Dipodomys","merriami","Rodent","Control"
23522,3,23,1996,2,"DM","F","37","49","Dipodomys","merriami","Rodent","Control"
23549,3,23,1996,2,"DM","M","38","44","Dipodomys","merriami","Rodent","Control"
23565,3,23,1996,2,"DM","M","37","48","Dipodomys","merriami","Rodent","Control"
23645,4,14,1996,2,"DM","F","37","47","Dipodomys","merriami","Rodent","Control"
23650,4,14,1996,2,"DM","F","34","26","Dipodomys","merriami","Rodent","Control"
23687,4,14,1996,2,"DM","M","40","56","Dipodomys","merriami","Rodent","Control"
23703,4,14,1996,2,"DM","F","36","49","Dipodomys","merriami","Rodent","Control"
23895,5,23,1996,2,"DM","M","35","41","Dipodomys","merriami","Rodent","Control"
23899,5,23,1996,2,"DM","M","38","53","Dipodomys","merriami","Rodent","Control"
23902,5,23,1996,2,"DM","F","37","55","Dipodomys","merriami","Rodent","Control"
23904,5,23,1996,2,"DM","F","36","49","Dipodomys","merriami","Rodent","Control"
23922,5,23,1996,2,"DM","M","40","54","Dipodomys","merriami","Rodent","Control"
23929,5,23,1996,2,"DM","F","35","47","Dipodomys","merriami","Rodent","Control"
23936,5,23,1996,2,"DM","M","37","47","Dipodomys","merriami","Rodent","Control"
24027,6,13,1996,2,"DM","M","40","53","Dipodomys","merriami","Rodent","Control"
24045,6,13,1996,2,"DM","F","36","41","Dipodomys","merriami","Rodent","Control"
24197,7,20,1996,2,"DM","F","30","46","Dipodomys","merriami","Rodent","Control"
24292,8,14,1996,2,"DM","F","35","47","Dipodomys","merriami","Rodent","Control"
24306,8,14,1996,2,"DM","M","36","40","Dipodomys","merriami","Rodent","Control"
24393,9,21,1996,2,"DM","F","33","26","Dipodomys","merriami","Rodent","Control"
24396,9,21,1996,2,"DM","M","35","28","Dipodomys","merriami","Rodent","Control"
24407,9,21,1996,2,"DM","F","35","42","Dipodomys","merriami","Rodent","Control"
24443,9,21,1996,2,"DM","M","36","42","Dipodomys","merriami","Rodent","Control"
24537,10,12,1996,2,"DM","M","38","45","Dipodomys","merriami","Rodent","Control"
24546,10,12,1996,2,"DM","M","38","50","Dipodomys","merriami","Rodent","Control"
24549,10,12,1996,2,"DM","M","34","36","Dipodomys","merriami","Rodent","Control"
24553,10,12,1996,2,"DM","F","35","48","Dipodomys","merriami","Rodent","Control"
24681,11,16,1996,2,"DM","M","35","42","Dipodomys","merriami","Rodent","Control"
24682,11,16,1996,2,"DM","M","36","41","Dipodomys","merriami","Rodent","Control"
24694,11,16,1996,2,"DM","M","38","42","Dipodomys","merriami","Rodent","Control"
24822,12,18,1996,2,"DM","M","35","45","Dipodomys","merriami","Rodent","Control"
24844,12,18,1996,2,"DM","M","37","47","Dipodomys","merriami","Rodent","Control"
24939,2,8,1997,2,"DM","M","34","44","Dipodomys","merriami","Rodent","Control"
24947,2,8,1997,2,"DM","M","36","50","Dipodomys","merriami","Rodent","Control"
25014,2,8,1997,2,"DM","M","37","49","Dipodomys","merriami","Rodent","Control"
25164,3,15,1997,2,"DM","M","34","51","Dipodomys","merriami","Rodent","Control"
25175,3,15,1997,2,"DM","M","35","52","Dipodomys","merriami","Rodent","Control"
25181,3,15,1997,2,"DM","M","35","46","Dipodomys","merriami","Rodent","Control"
25183,3,15,1997,2,"DM","F","37","48","Dipodomys","merriami","Rodent","Control"
25193,3,15,1997,2,"DM","M","35","48","Dipodomys","merriami","Rodent","Control"
25197,3,15,1997,2,"DM","F","37","53","Dipodomys","merriami","Rodent","Control"
25211,3,15,1997,2,"DM","M","38","48","Dipodomys","merriami","Rodent","Control"
25214,3,15,1997,2,"DM","M","38","53","Dipodomys","merriami","Rodent","Control"
25217,3,15,1997,2,"DM","M","35","50","Dipodomys","merriami","Rodent","Control"
25422,4,12,1997,2,"DM","M","36","43","Dipodomys","merriami","Rodent","Control"
25446,4,12,1997,2,"DM","F","35","43","Dipodomys","merriami","Rodent","Control"
25720,5,10,1997,2,"DM","M","38","49","Dipodomys","merriami","Rodent","Control"
25944,6,9,1997,2,"DM","M","36","46","Dipodomys","merriami","Rodent","Control"
26259,7,9,1997,2,"DM","M","36","44","Dipodomys","merriami","Rodent","Control"
26567,7,29,1997,2,"DM","M","37","47","Dipodomys","merriami","Rodent","Control"
26773,9,27,1997,2,"DM","M","36","49","Dipodomys","merriami","Rodent","Control"
27005,10,25,1997,2,"DM","M","36","47","Dipodomys","merriami","Rodent","Control"
27212,11,22,1997,2,"DM","M","36","43","Dipodomys","merriami","Rodent","Control"
27240,11,22,1997,2,"DM","F","36","44","Dipodomys","merriami","Rodent","Control"
27293,12,28,1997,2,"DM","M","37","45","Dipodomys","merriami","Rodent","Control"
27444,1,31,1998,2,"DM","F","36","41","Dipodomys","merriami","Rodent","Control"
27458,1,31,1998,2,"DM","M","35","46","Dipodomys","merriami","Rodent","Control"
27559,3,1,1998,2,"DM","M","35","","Dipodomys","merriami","Rodent","Control"
27567,3,1,1998,2,"DM","F","36","","Dipodomys","merriami","Rodent","Control"
27686,3,29,1998,2,"DM","M","35","43","Dipodomys","merriami","Rodent","Control"
27701,3,29,1998,2,"DM","M","34","45","Dipodomys","merriami","Rodent","Control"
27702,3,29,1998,2,"DM","M","35","48","Dipodomys","merriami","Rodent","Control"
27704,3,29,1998,2,"DM","M","37","44","Dipodomys","merriami","Rodent","Control"
27715,3,29,1998,2,"DM","M","37","43","Dipodomys","merriami","Rodent","Control"
27747,5,2,1998,2,"DM","M","35","45","Dipodomys","merriami","Rodent","Control"
27753,5,2,1998,2,"DM","F","37","58","Dipodomys","merriami","Rodent","Control"
27776,5,2,1998,2,"DM","M","35","46","Dipodomys","merriami","Rodent","Control"
27778,5,2,1998,2,"DM","M","36","53","Dipodomys","merriami","Rodent","Control"
27862,5,28,1998,2,"DM","M","37","51","Dipodomys","merriami","Rodent","Control"
27884,5,28,1998,2,"DM","M","35","21","Dipodomys","merriami","Rodent","Control"
27896,5,28,1998,2,"DM","F","37","45","Dipodomys","merriami","Rodent","Control"
27909,5,28,1998,2,"DM","M","37","52","Dipodomys","merriami","Rodent","Control"
28019,6,27,1998,2,"DM","M","37","33","Dipodomys","merriami","Rodent","Control"
28065,6,27,1998,2,"DM","M","37","32","Dipodomys","merriami","Rodent","Control"
28067,6,27,1998,2,"DM","M","35","44","Dipodomys","merriami","Rodent","Control"
28177,7,18,1998,2,"DM","M","37","40","Dipodomys","merriami","Rodent","Control"
28184,7,18,1998,2,"DM","F","36","48","Dipodomys","merriami","Rodent","Control"
28323,8,22,1998,2,"DM","M","36","45","Dipodomys","merriami","Rodent","Control"
28550,9,20,1998,2,"DM","M","37","47","Dipodomys","merriami","Rodent","Control"
28554,9,20,1998,2,"DM","M","35","36","Dipodomys","merriami","Rodent","Control"
28561,9,20,1998,2,"DM","M","35","28","Dipodomys","merriami","Rodent","Control"
28660,10,24,1998,2,"DM","M","39","37","Dipodomys","merriami","Rodent","Control"
28663,10,24,1998,2,"DM","M","37","44","Dipodomys","merriami","Rodent","Control"
28798,11,21,1998,2,"DM","M","36","46","Dipodomys","merriami","Rodent","Control"
28799,11,21,1998,2,"DM","F","35","34","Dipodomys","merriami","Rodent","Control"
28921,12,22,1998,2,"DM","M","36","47","Dipodomys","merriami","Rodent","Control"
28926,12,22,1998,2,"DM","F","34","36","Dipodomys","merriami","Rodent","Control"
29036,1,16,1999,2,"DM","M","36","44","Dipodomys","merriami","Rodent","Control"
29037,1,16,1999,2,"DM","M","37","47","Dipodomys","merriami","Rodent","Control"
29168,2,20,1999,2,"DM","M","37","50","Dipodomys","merriami","Rodent","Control"
29308,3,14,1999,2,"DM","M","36","51","Dipodomys","merriami","Rodent","Control"
29311,3,14,1999,2,"DM","M","36","27","Dipodomys","merriami","Rodent","Control"
29431,4,17,1999,2,"DM","M","37","48","Dipodomys","merriami","Rodent","Control"
29434,4,17,1999,2,"DM","F","36","31","Dipodomys","merriami","Rodent","Control"
29577,5,15,1999,2,"DM","M","37","46","Dipodomys","merriami","Rodent","Control"
29704,6,12,1999,2,"DM","F","34","42","Dipodomys","merriami","Rodent","Control"
31215,8,25,2000,2,"DM","F","36","43","Dipodomys","merriami","Rodent","Control"
31386,9,30,2000,2,"DM","F","35","45","Dipodomys","merriami","Rodent","Control"
31515,11,25,2000,2,"DM","F","35","43","Dipodomys","merriami","Rodent","Control"
31632,12,22,2000,2,"DM","F","34","44","Dipodomys","merriami","Rodent","Control"
31718,1,21,2001,2,"DM","F","34","44","Dipodomys","merriami","Rodent","Control"
31792,3,3,2001,2,"DM","F","35","45","Dipodomys","merriami","Rodent","Control"
31858,3,24,2001,2,"DM","M","37","53","Dipodomys","merriami","Rodent","Control"
31859,3,24,2001,2,"DM","F","36","60","Dipodomys","merriami","Rodent","Control"
31860,3,24,2001,2,"DM","M","37","47","Dipodomys","merriami","Rodent","Control"
31861,3,24,2001,2,"DM","M","37","48","Dipodomys","merriami","Rodent","Control"
31945,4,21,2001,2,"DM","F","35","47","Dipodomys","merriami","Rodent","Control"
31948,4,21,2001,2,"DM","M","37","52","Dipodomys","merriami","Rodent","Control"
32380,8,25,2001,2,"DM","F","36","49","Dipodomys","merriami","Rodent","Control"
32386,8,25,2001,2,"DM","M","36","46","Dipodomys","merriami","Rodent","Control"
32601,9,22,2001,2,"DM","M","34","24","Dipodomys","merriami","Rodent","Control"
32604,9,22,2001,2,"DM","M","36","47","Dipodomys","merriami","Rodent","Control"
32605,9,22,2001,2,"DM","F","36","43","Dipodomys","merriami","Rodent","Control"
32607,9,22,2001,2,"DM","M","37","50","Dipodomys","merriami","Rodent","Control"
32822,10,13,2001,2,"DM","F","36","","Dipodomys","merriami","Rodent","Control"
32827,10,13,2001,2,"DM","F","36","47","Dipodomys","merriami","Rodent","Control"
32828,10,13,2001,2,"DM","M","36","46","Dipodomys","merriami","Rodent","Control"
33027,11,17,2001,2,"DM","M","36","48","Dipodomys","merriami","Rodent","Control"
33035,11,17,2001,2,"DM","F","35","47","Dipodomys","merriami","Rodent","Control"
33232,12,15,2001,2,"DM","F","36","45","Dipodomys","merriami","Rodent","Control"
33234,12,15,2001,2,"DM","M","37","48","Dipodomys","merriami","Rodent","Control"
33329,1,12,2002,2,"DM","M","37","47","Dipodomys","merriami","Rodent","Control"
33336,1,12,2002,2,"DM","F","35","45","Dipodomys","merriami","Rodent","Control"
33410,2,9,2002,2,"DM","F","35","46","Dipodomys","merriami","Rodent","Control"
33579,3,13,2002,2,"DM","F","36","43","Dipodomys","merriami","Rodent","Control"
33580,3,13,2002,2,"DM","M","36","55","Dipodomys","merriami","Rodent","Control"
33581,3,13,2002,2,"DM","M","36","50","Dipodomys","merriami","Rodent","Control"
33842,4,17,2002,2,"DM","F","35","51","Dipodomys","merriami","Rodent","Control"
33844,4,17,2002,2,"DM","F","34","30","Dipodomys","merriami","Rodent","Control"
33958,5,15,2002,2,"DM","F","36","41","Dipodomys","merriami","Rodent","Control"
34192,6,15,2002,2,"DM","F","35","50","Dipodomys","merriami","Rodent","Control"
34428,7,13,2002,2,"DM","F","34","46","Dipodomys","merriami","Rodent","Control"
34672,9,8,2002,2,"DM","F","37","45","Dipodomys","merriami","Rodent","Control"
34985,11,9,2002,2,"DM","M","35","55","Dipodomys","merriami","Rodent","Control"
34987,11,9,2002,2,"DM","M","35","45","Dipodomys","merriami","Rodent","Control"
35210,12,7,2002,2,"DM","M","35","48","Dipodomys","merriami","Rodent","Control"
35397,12,29,2002,2,"DM","F","34","34","Dipodomys","merriami","Rodent","Control"
69,8,19,1977,2,"PF","M","15","8","Perognathus","flavus","Rodent","Control"
432,12,10,1977,2,"PF","","","","Perognathus","flavus","Rodent","Control"
532,1,8,1978,2,"PF","F","","7","Perognathus","flavus","Rodent","Control"
590,2,18,1978,2,"PF","F","16","7","Perognathus","flavus","Rodent","Control"
650,3,11,1978,2,"PF","F","15","7","Perognathus","flavus","Rodent","Control"
652,3,11,1978,2,"PF","M","14","8","Perognathus","flavus","Rodent","Control"
833,5,6,1978,2,"PF","M","14","8","Perognathus","flavus","Rodent","Control"
995,6,9,1978,2,"PF","M","16","8","Perognathus","flavus","Rodent","Control"
1351,10,8,1978,2,"PF","M","15","6","Perognathus","flavus","Rodent","Control"
2051,9,23,1979,2,"PF","F","16","7","Perognathus","flavus","Rodent","Control"
2167,11,17,1979,2,"PF","F","14","7","Perognathus","flavus","Rodent","Control"
2536,3,9,1980,2,"PF","F","","7","Perognathus","flavus","Rodent","Control"
2883,4,18,1980,2,"PF","M","","8","Perognathus","flavus","Rodent","Control"
2900,4,18,1980,2,"PF","M","","6","Perognathus","flavus","Rodent","Control"
4283,4,6,1981,2,"PF","M","","5","Perognathus","flavus","Rodent","Control"
6457,8,16,1982,2,"PF","F","15","5","Perognathus","flavus","Rodent","Control"
6518,9,18,1982,2,"PF","F","17","6","Perognathus","flavus","Rodent","Control"
7040,11,22,1982,2,"PF","M","15","7","Perognathus","flavus","Rodent","Control"
7784,4,17,1983,2,"PF","M","16","7","Perognathus","flavus","Rodent","Control"
21031,8,19,1993,2,"PF","","","","Perognathus","flavus","Rodent","Control"
23912,5,23,1996,2,"PF","M","17","8","Perognathus","flavus","Rodent","Control"
7,7,16,1977,2,"PE","F","","","Peromyscus","eremicus","Rodent","Control"
238,9,13,1977,2,"PE","M","20","19","Peromyscus","eremicus","Rodent","Control"
279,10,16,1977,2,"PE","F","19","","Peromyscus","eremicus","Rodent","Control"
517,1,8,1978,2,"PE","M","26","22","Peromyscus","eremicus","Rodent","Control"
604,2,18,1978,2,"PE","M","22","25","Peromyscus","eremicus","Rodent","Control"
671,3,11,1978,2,"PE","M","20","28","Peromyscus","eremicus","Rodent","Control"
673,3,11,1978,2,"PE","F","","29","Peromyscus","eremicus","Rodent","Control"
1283,9,4,1978,2,"PE","F","20","20","Peromyscus","eremicus","Rodent","Control"
1301,9,4,1978,2,"PE","M","20","17","Peromyscus","eremicus","Rodent","Control"
1467,11,5,1978,2,"PE","M","20","22","Peromyscus","eremicus","Rodent","Control"
1603,1,29,1979,2,"PE","M","","26","Peromyscus","eremicus","Rodent","Control"
2457,2,25,1980,2,"PE","M","21","23","Peromyscus","eremicus","Rodent","Control"
2530,2,25,1980,2,"PE","F","21","21","Peromyscus","eremicus","Rodent","Control"
5071,11,23,1981,2,"PE","M","19","19","Peromyscus","eremicus","Rodent","Control"
5074,11,23,1981,2,"PE","M","21","19","Peromyscus","eremicus","Rodent","Control"
5076,11,23,1981,2,"PE","F","21","19","Peromyscus","eremicus","Rodent","Control"
5178,1,1,1982,2,"PE","F","20","25","Peromyscus","eremicus","Rodent","Control"
5184,1,1,1982,2,"PE","F","19","21","Peromyscus","eremicus","Rodent","Control"
5192,1,1,1982,2,"PE","M","18","24","Peromyscus","eremicus","Rodent","Control"
5196,1,1,1982,2,"PE","M","19","25","Peromyscus","eremicus","Rodent","Control"
5301,1,25,1982,2,"PE","M","20","23","Peromyscus","eremicus","Rodent","Control"
5321,1,25,1982,2,"PE","","","","Peromyscus","eremicus","Rodent","Control"
5322,1,25,1982,2,"PE","M","20","22","Peromyscus","eremicus","Rodent","Control"
5484,2,24,1982,2,"PE","F","21","17","Peromyscus","eremicus","Rodent","Control"
5487,2,24,1982,2,"PE","M","19","23","Peromyscus","eremicus","Rodent","Control"
5490,2,24,1982,2,"PE","F","19","20","Peromyscus","eremicus","Rodent","Control"
5493,2,24,1982,2,"PE","M","20","23","Peromyscus","eremicus","Rodent","Control"
5544,3,29,1982,2,"PE","F","19","23","Peromyscus","eremicus","Rodent","Control"
5562,3,29,1982,2,"PE","M","20","23","Peromyscus","eremicus","Rodent","Control"
6215,7,25,1982,2,"PE","M","","24","Peromyscus","eremicus","Rodent","Control"
6496,8,16,1982,2,"PE","M","20","20","Peromyscus","eremicus","Rodent","Control"
7087,11,22,1982,2,"PE","M","20","23","Peromyscus","eremicus","Rodent","Control"
7311,1,13,1983,2,"PE","M","20","21","Peromyscus","eremicus","Rodent","Control"
7417,2,27,1983,2,"PE","M","19","22","Peromyscus","eremicus","Rodent","Control"
7440,2,27,1983,2,"PE","F","19","23","Peromyscus","eremicus","Rodent","Control"
7578,3,15,1983,2,"PE","M","21","26","Peromyscus","eremicus","Rodent","Control"
7742,4,17,1983,2,"PE","F","21","19","Peromyscus","eremicus","Rodent","Control"
9561,9,29,1984,2,"PE","M","","","Peromyscus","eremicus","Rodent","Control"
9777,12,31,1984,2,"PE","M","19","20","Peromyscus","eremicus","Rodent","Control"
9780,12,31,1984,2,"PE","F